loss,auc,accuracy,val_loss,val_auc,val_accuracy
0.603515625,0.733892560005188,0.6711804866790771,0.5674240589141846,0.7486753463745117,0.6696620583534241
0.5692852139472961,0.7720253467559814,0.7006531953811646,0.5592226982116699,0.7693853974342346,0.6954819560050964
0.5407534837722778,0.7998154163360596,0.723889946937561,0.4897802174091339,0.7789953351020813,0.737921953201294
0.5195004940032959,0.817115306854248,0.7387514710426331,0.5705487728118896,0.7834830284118652,0.6849831938743591
0.4991617500782013,0.8316972255706787,0.7511777877807617,0.5725007057189941,0.7869653701782227,0.6772603392601013
