loss,auc,accuracy,val_loss,val_auc,val_accuracy
0.5838583707809448,0.7558502554893494,0.6870311498641968,0.6015115976333618,0.7704005837440491,0.6655545234680176
0.5303630828857422,0.8043919801712036,0.7285959720611572,0.594184935092926,0.8065648078918457,0.6346367597579956
0.4909254014492035,0.8337247371673584,0.7558109760284424,0.5097460150718689,0.8232883810997009,0.6997197270393372
0.4693184792995453,0.848645806312561,0.7686619162559509,0.5208154916763306,0.828326940536499,0.7079496383666992
0.4507787525653839,0.8614911437034607,0.780511200428009,0.4884440302848816,0.834739089012146,0.7224965691566467
