loss,auc,accuracy,val_loss,val_auc,val_accuracy
0.5843887329101562,0.755969762802124,0.6869671940803528,0.6553919315338135,0.7626338005065918,0.5936207175254822
0.5468083620071411,0.7940171957015991,0.7173221111297607,0.622105598449707,0.7797781229019165,0.6399306058883667
0.5094181299209595,0.8225420713424683,0.741084635257721,0.5009285807609558,0.8024792671203613,0.7158236503601074
0.47802889347076416,0.8435800671577454,0.7616148591041565,0.5149981379508972,0.8181829452514648,0.7053694725036621
0.45701688528060913,0.8579521179199219,0.7753750681877136,0.5630533695220947,0.8224799633026123,0.6949597597122192
