loss,auc,accuracy,val_loss,val_auc,val_accuracy
0.5631991624832153,0.7727732062339783,0.6993848085403442,0.5050598382949829,0.7898881435394287,0.6883313059806824
0.5211725234985352,0.8126145601272583,0.7330998778343201,0.5946775078773499,0.7983481884002686,0.6267627477645874
0.48881980776786804,0.8372595310211182,0.7546104192733765,0.5666103363037109,0.8146021366119385,0.667689859867096
0.486965537071228,0.8394217491149902,0.7558749318122864,0.4971962869167328,0.8086481690406799,0.7099069952964783
0.4536294639110565,0.8609620332717896,0.7770444750785828,0.4877167046070099,0.8357031345367432,0.7365541458129883
