loss,auc,accuracy,val_loss,val_auc,val_accuracy
0.5935271978378296,0.7452055215835571,0.6797719597816467,0.5458394885063171,0.765136182308197,0.6968521475791931
0.5522099137306213,0.7892993688583374,0.716038167476654,0.49216172099113464,0.7802214622497559,0.739203155040741
0.5160964727401733,0.8178145289421082,0.7403104305267334,0.5305920243263245,0.8037257194519043,0.6896275877952576
0.4823973476886749,0.8406639099121094,0.761931300163269,0.574203372001648,0.8031921982765198,0.6668861508369446
0.46428045630455017,0.8522582054138184,0.7735041975975037,0.5399916172027588,0.8085806369781494,0.7109988331794739
