loss,auc,accuracy,val_loss,val_auc,val_accuracy
0.5851149559020996,0.7544224858283997,0.6849355101585388,0.6006121635437012,0.7687258124351501,0.6413986682891846
0.5260979533195496,0.8086110353469849,0.7307342290878296,0.48994672298431396,0.816084086894989,0.7158236503601074
0.4876478314399719,0.8359318375587463,0.7556688785552979,0.518833339214325,0.8177955150604248,0.6952711343765259
0.46707481145858765,0.8508764505386353,0.7696848511695862,0.5195072889328003,0.8290382027626038,0.6979848146438599
0.44896525144577026,0.8631287813186646,0.7819177508354187,0.5077428817749023,0.830586314201355,0.7158681154251099
