loss,auc,accuracy,val_loss,val_auc,val_accuracy
0.5925660729408264,0.746238112449646,0.6790209412574768,0.5876349210739136,0.767503023147583,0.6730430722236633
0.5515426993370056,0.7887455821037292,0.7148546576499939,0.5432447791099548,0.7808476686477661,0.7082940340042114
0.5209774971008301,0.8139522075653076,0.7357358932495117,0.5264169573783875,0.7942200899124146,0.7047351002693176
0.48651349544525146,0.8383644819259644,0.7585857510566711,0.490815132856369,0.8033812046051025,0.7281349301338196
0.4659416377544403,0.8509490489959717,0.7710689902305603,0.5302126407623291,0.8099549412727356,0.690446138381958
