loss,auc,accuracy,val_loss,val_auc,val_accuracy
0.5836552381515503,0.7558121085166931,0.6888852715492249,0.5384347438812256,0.7671899795532227,0.6989189982414246
0.5324535965919495,0.8043256998062134,0.7291003465652466,0.5154169797897339,0.8005115985870361,0.7008318901062012
0.4909091889858246,0.8343586325645447,0.754624605178833,0.6017960906028748,0.8136612772941589,0.6437563896179199
0.46779951453208923,0.8504104614257812,0.7683351039886475,0.5085576176643372,0.8286803960800171,0.7045242190361023
0.44678521156311035,0.864025354385376,0.7813423275947571,0.4478518068790436,0.8343933820724487,0.760309636592865
