loss,auc,accuracy,val_loss,val_auc,val_accuracy
0.5823065042495728,0.7565501928329468,0.6881881952285767,0.5258384943008423,0.7845200300216675,0.6818505525588989
0.5831555724143982,0.7569197416305542,0.6897224187850952,0.546291708946228,0.7719730138778687,0.7048042416572571
0.5521674156188965,0.7889657020568848,0.715312123298645,0.5640689730644226,0.7754020690917969,0.6991992592811584
0.5292934775352478,0.8083704710006714,0.7302505373954773,0.5576260089874268,0.8029156923294067,0.676067590713501
0.5023931860923767,0.8272286653518677,0.7470767498016357,0.4879148602485657,0.8142266869544983,0.7090747356414795
