loss,auc,accuracy,val_loss,val_auc,val_accuracy
0.588649332523346,0.7513585686683655,0.6844532489776611,0.5361191630363464,0.7686589956283569,0.7129098176956177
0.5460231900215149,0.7946926951408386,0.7189784646034241,0.5523587465286255,0.7905485033988953,0.690889298915863
0.506570041179657,0.8245801329612732,0.7458524107933044,0.47386422753334045,0.8107785582542419,0.7369545102119446
0.47277870774269104,0.8475801348686218,0.7676413655281067,0.45898088812828064,0.8146749138832092,0.7540148496627808
0.452809602022171,0.8603426814079285,0.7807848453521729,0.5189828276634216,0.8215776681900024,0.7158458828926086
