loss,auc,accuracy,val_loss,val_auc,val_accuracy
0.6021460294723511,0.7340689301490784,0.6742415428161621,0.6031427979469299,0.7724066376686096,0.6416356563568115
0.538605272769928,0.7940629720687866,0.7252895832061768,0.5800697207450867,0.789943277835846,0.6352118253707886
0.5150179266929626,0.815811038017273,0.7396276593208313,0.521075963973999,0.8020334243774414,0.6822428107261658
0.495883584022522,0.831697940826416,0.7512005567550659,0.4598868787288666,0.8054456114768982,0.7506094574928284
0.509048342704773,0.8260326385498047,0.7449759840965271,0.49889427423477173,0.7806024551391602,0.7414986491203308
