loss,auc,accuracy,val_loss,val_auc,val_accuracy
0.5808631777763367,0.7596365213394165,0.6909031271934509,0.5317780375480652,0.7777696847915649,0.7072064280509949
0.5543272495269775,0.786183774471283,0.7126350998878479,0.5837802290916443,0.7628546953201294,0.666103184223175
0.5517132878303528,0.7897834181785583,0.7179765701293945,0.5674536824226379,0.7765183448791504,0.6833629608154297
0.5126838088035583,0.8202832937240601,0.741823673248291,0.5492496490478516,0.8074792623519897,0.677402138710022
0.5222216844558716,0.8109790086746216,0.7312670350074768,0.5044452548027039,0.8003511428833008,0.7039145827293396
