loss,auc,accuracy,val_loss,val_auc,val_accuracy
0.5641747713088989,0.7719637155532837,0.7024446725845337,0.5748123526573181,0.7595230937004089,0.6802490949630737
0.5569788217544556,0.7851822972297668,0.7119974493980408,0.5993963479995728,0.7445353269577026,0.6362099647521973
0.5506629943847656,0.7905520796775818,0.7166885733604431,0.5156757831573486,0.7768546938896179,0.71236652135849
0.5075020790100098,0.825201153755188,0.7462496161460876,0.5054999589920044,0.8090637922286987,0.722241997718811
0.4767979383468628,0.8455519676208496,0.7663336992263794,0.4789518713951111,0.8143483400344849,0.7263345122337341
