loss,auc,accuracy,val_loss,val_auc,val_accuracy
0.5995646119117737,0.7380051612854004,0.677833616733551,0.5302540063858032,0.7576490640640259,0.7078291773796082
0.5451083183288574,0.7931087017059326,0.7204200029373169,0.5235517621040344,0.804154634475708,0.6846975088119507
0.4987713396549225,0.82770836353302,0.7485036253929138,0.5588169693946838,0.8113812804222107,0.6696619391441345
0.4800090789794922,0.8414210081100464,0.7587634921073914,0.46652722358703613,0.8187509775161743,0.726690411567688
0.46293240785598755,0.8536792993545532,0.7706018090248108,0.4959058165550232,0.8265016078948975,0.7279359698295593
