loss,auc,accuracy,val_loss,val_auc,val_accuracy
0.5726925134658813,0.7616791725158691,0.6884776949882507,0.5689675807952881,0.7822398543357849,0.642177164554596
0.5267328023910522,0.8073107004165649,0.7273303866386414,0.5753206610679626,0.7941927313804626,0.6430445909500122
0.565281331539154,0.7697508335113525,0.6967728734016418,0.5337467789649963,0.7952994108200073,0.6751857399940491
0.5089070796966553,0.8200724124908447,0.7403602004051208,0.7207357287406921,0.7801799774169922,0.5639485716819763
0.4866620600223541,0.8364884257316589,0.7553406953811646,0.535646915435791,0.8020744323730469,0.6750745177268982
