loss,auc,accuracy,val_loss,val_auc,val_accuracy
0.5903087258338928,0.7490975856781006,0.6807886362075806,0.5271140336990356,0.7689456343650818,0.7197384238243103
0.5452062487602234,0.7951502799987793,0.7185333967208862,0.5138249397277832,0.7937524914741516,0.7037679553031921
0.5067528486251831,0.8235605955123901,0.744166910648346,0.47430163621902466,0.8120262026786804,0.7357088923454285
0.48028039932250977,0.8417975902557373,0.7601795196533203,0.44134142994880676,0.815123975276947,0.761421799659729
0.46284815669059753,0.8533186912536621,0.7703590989112854,0.4733787477016449,0.8220006227493286,0.745718240737915
