loss,auc,accuracy,val_loss,val_auc,val_accuracy
0.5909445881843567,0.7487534284591675,0.6805912852287292,0.6452773809432983,0.7603192329406738,0.6517074108123779
0.551418125629425,0.7903369665145874,0.7165729999542236,0.5592870712280273,0.7777092456817627,0.7083830237388611
0.5198458433151245,0.8164854049682617,0.7389448881149292,0.561279833316803,0.7941916584968567,0.6590031385421753
0.4866427481174469,0.8391795754432678,0.7593368291854858,0.5203018188476562,0.8057181239128113,0.7034005522727966
0.46413663029670715,0.8538755774497986,0.7727417349815369,0.5114936232566833,0.8103017807006836,0.7130095958709717
