loss,auc,accuracy,val_loss,val_auc,val_accuracy
0.5676745772361755,0.7675819993019104,0.697464108467102,0.6710108518600464,0.763185977935791,0.5545620322227478
0.5555360317230225,0.7865336537361145,0.7133631110191345,0.5845649242401123,0.7798316478729248,0.6787446141242981
0.5765891671180725,0.7647967338562012,0.6970947980880737,0.5497279167175293,0.7669149041175842,0.6807019710540771
0.5423053503036499,0.7985734939575195,0.7225105166435242,0.5722132921218872,0.7724370956420898,0.6886205077171326
0.5143952369689941,0.821071982383728,0.7417237758636475,0.4778995215892792,0.7939419746398926,0.7583299875259399
