loss,auc,accuracy,val_loss,val_auc,val_accuracy
0.5850595831871033,0.7544427514076233,0.6861218214035034,0.5336360931396484,0.7691798210144043,0.6914008855819702
0.5351777076721191,0.8016974925994873,0.7267631888389587,0.5413324236869812,0.8055474758148193,0.6645758152008057
0.49072059988975525,0.8332675695419312,0.7557967901229858,0.5106253027915955,0.8234726190567017,0.7085279822349548
0.4684624671936035,0.8492648601531982,0.7699192762374878,0.4383300244808197,0.8283343315124512,0.7611993551254272
0.45135796070098877,0.8607401251792908,0.780013918876648,0.510951042175293,0.8308620452880859,0.6968281269073486
