loss,auc,accuracy,val_loss,val_auc,val_accuracy
0.5775163173675537,0.7589926719665527,0.6895582675933838,0.5211910009384155,0.7779890298843384,0.7163371443748474
0.5399001240730286,0.795893132686615,0.7207833528518677,0.5220215916633606,0.7880618572235107,0.6840934753417969
0.5161908864974976,0.8161203861236572,0.7369307279586792,0.5187234282493591,0.8009268045425415,0.6886666417121887
0.4932442605495453,0.833358108997345,0.7517808675765991,0.5290531516075134,0.8062179088592529,0.6928483843803406
0.47341543436050415,0.8472319841384888,0.763854444026947,0.5374139547348022,0.7975655198097229,0.7075644731521606
