loss,auc,accuracy,val_loss,val_auc,val_accuracy
0.5469653606414795,0.7839031219482422,0.7141964435577393,0.5396136045455933,0.8096508979797363,0.6628853678703308
0.5236940383911133,0.8112101554870605,0.7330498695373535,0.516524612903595,0.7751165628433228,0.7339072227478027
0.5361475944519043,0.8055471181869507,0.7280500531196594,0.6290598511695862,0.7819076180458069,0.6562346816062927
0.512127697467804,0.8248162269592285,0.7441195249557495,0.5222360491752625,0.7864581942558289,0.7220962047576904
0.48429185152053833,0.843794047832489,0.7614768147468567,0.46879395842552185,0.807563304901123,0.7627341151237488
