loss,auc,accuracy,val_loss,val_auc,val_accuracy
0.5846680402755737,0.7532875537872314,0.6855990290641785,0.5301787257194519,0.7689514756202698,0.6887761950492859
0.5438955426216125,0.7954323291778564,0.7197549343109131,0.6130490303039551,0.7828806638717651,0.6498287320137024
0.5232152342796326,0.8132370710372925,0.7331351041793823,0.5147174000740051,0.7894992828369141,0.7093287110328674
0.49276313185691833,0.8348323106765747,0.7532764077186584,0.5574397444725037,0.7924315929412842,0.6807019710540771
0.4670531451702118,0.8519701957702637,0.7694216370582581,0.4988469183444977,0.8108231425285339,0.727790355682373
