loss,auc,accuracy,val_loss,val_auc,val_accuracy
0.593056857585907,0.7458593845367432,0.6802954077720642,0.6882821917533875,0.7485122084617615,0.6375607252120972
0.5536912679672241,0.787774920463562,0.7157309055328369,0.6217761039733887,0.7759931683540344,0.6016157269477844
0.5202872157096863,0.815118670463562,0.7382848858833313,0.5448817610740662,0.7964589595794678,0.7019413709640503
0.48643502593040466,0.8388205766677856,0.7595530152320862,0.4947620928287506,0.8094180226325989,0.7233837842941284
0.4637173116207123,0.852996289730072,0.772286593914032,0.5105142593383789,0.8152276277542114,0.715180516242981
