loss,auc,accuracy,val_loss,val_auc,val_accuracy
0.5820450782775879,0.757868766784668,0.6891921162605286,0.5183007717132568,0.772983968257904,0.7232206463813782
0.5805349349975586,0.7591167688369751,0.6882071495056152,0.550186812877655,0.7510645985603333,0.6926156878471375
0.5668681859970093,0.7736650705337524,0.7020153403282166,0.5563498139381409,0.7699356079101562,0.6832740306854248
0.5353026986122131,0.8035275936126709,0.7265064716339111,0.5995269417762756,0.785763144493103,0.650355875492096
0.5095281004905701,0.8234595060348511,0.7432758212089539,0.5243200063705444,0.8022825121879578,0.6959964632987976
