loss,auc,accuracy,val_loss,val_auc,val_accuracy
0.5489552021026611,0.7836431264877319,0.7111417651176453,0.5368141531944275,0.7921397089958191,0.6903331875801086
0.5220503211021423,0.8106788396835327,0.7326452136039734,0.56910640001297,0.8126111030578613,0.6547889113426208
0.4901059567928314,0.834725558757782,0.7530262470245361,0.5422152876853943,0.8137834668159485,0.6854842305183411
0.4630829989910126,0.8540159463882446,0.7696706652641296,0.5312045812606812,0.82499098777771,0.7003870010375977
0.4457699656486511,0.8653696179389954,0.7829407453536987,0.5214242339134216,0.8331424593925476,0.7023444175720215
