loss,auc,accuracy,val_loss,val_auc,val_accuracy
0.5590870380401611,0.7747944593429565,0.7070783376693726,0.5211273431777954,0.7970662117004395,0.6606610417366028
0.5135992169380188,0.8162879943847656,0.7377173900604248,0.5215177536010742,0.8077836632728577,0.6924240589141846
0.48622190952301025,0.8377333879470825,0.7535519599914551,0.4778140187263489,0.8246946930885315,0.7337960004806519
0.46168532967567444,0.8548808097839355,0.7694078087806702,0.5053786039352417,0.8309807777404785,0.7004759907722473
0.47013065218925476,0.8518333435058594,0.7663531303405762,0.5346204042434692,0.7975506782531738,0.7106632590293884
