loss,auc,accuracy,val_loss,val_auc,val_accuracy
0.5372499823570251,0.7942447662353516,0.7216511964797974,0.49464190006256104,0.8171679973602295,0.6980426907539368
0.5027885437011719,0.8265153765678406,0.7448732256889343,0.48285672068595886,0.7999083995819092,0.7101423740386963
0.478059858083725,0.8446512222290039,0.7620466947555542,0.4431300163269043,0.8293412327766418,0.7429715394973755
0.4521670341491699,0.8616062998771667,0.7783488035202026,0.4768713712692261,0.8369929790496826,0.724644124507904
0.4318121373653412,0.8746582865715027,0.7914814352989197,0.5109662413597107,0.838421642780304,0.7142348885536194
