loss,auc,accuracy,val_loss,val_auc,val_accuracy
0.5687263607978821,0.7652382254600525,0.6937332153320312,0.4889523983001709,0.783382773399353,0.705725371837616
0.5228337049484253,0.8085606694221497,0.7281826734542847,0.46275338530540466,0.7943602800369263,0.7424262762069702
0.49912330508232117,0.8281569480895996,0.7463921904563904,0.5346747040748596,0.8087097406387329,0.6939142942428589
0.4793154001235962,0.8427916169166565,0.7603310346603394,0.5375825762748718,0.8109548687934875,0.6943591833114624
0.46124687790870667,0.8555439710617065,0.7718647122383118,0.5326340198516846,0.8042455911636353,0.7027447819709778
