loss,auc,accuracy,val_loss,val_auc,val_accuracy
0.5741404294967651,0.7633786201477051,0.6934272646903992,0.5202691555023193,0.7650856375694275,0.7173158526420593
0.5577093362808228,0.7852187156677246,0.7125332951545715,0.4999222457408905,0.7725635766983032,0.7411783337593079
0.5318099856376648,0.8079123497009277,0.7313889861106873,0.6208374500274658,0.7819417119026184,0.652668297290802
0.5067075490951538,0.8266251087188721,0.7467284202575684,0.6029922962188721,0.7910305261611938,0.651049017906189
0.4760284125804901,0.8467148542404175,0.7640706300735474,0.5354778170585632,0.8033123016357422,0.6891648769378662
