loss,auc,accuracy,val_loss,val_auc,val_accuracy
0.5946452617645264,0.7439606785774231,0.6796581745147705,0.5923816561698914,0.7642215490341187,0.6651778817176819
0.5522397756576538,0.7894280552864075,0.714979887008667,0.5910078883171082,0.7784880995750427,0.673470139503479
0.5254643559455872,0.8121076226234436,0.7347573041915894,0.5347703695297241,0.7806198596954346,0.6916383504867554
0.4982573390007019,0.8318848013877869,0.752440869808197,0.4944717586040497,0.8007858395576477,0.7265690565109253
0.4707254469394684,0.849142849445343,0.7690092921257019,0.5060960650444031,0.8076722621917725,0.7183123826980591
