loss,auc,accuracy,val_loss,val_auc,val_accuracy
0.5838193297386169,0.7564821243286133,0.688838541507721,0.5821839570999146,0.7688874006271362,0.6730427145957947
0.5388785004615784,0.8001387119293213,0.7240504026412964,0.5048069953918457,0.7920069098472595,0.7050711512565613
0.49357402324676514,0.832682192325592,0.7536430358886719,0.5943584442138672,0.8171964287757874,0.6563166975975037
0.47173839807510376,0.8479183316230774,0.7679247856140137,0.5188806653022766,0.8229238986968994,0.704448401927948
0.45299842953681946,0.8600794076919556,0.7797883749008179,0.5097400546073914,0.8282675743103027,0.7134341597557068
