loss,auc,accuracy,val_loss,val_auc,val_accuracy
0.5813254117965698,0.7585234642028809,0.6902086138725281,0.6007487773895264,0.774988055229187,0.6443949937820435
0.5735423564910889,0.766961932182312,0.6964150667190552,0.48066258430480957,0.7699735760688782,0.7675266861915588
0.5347101092338562,0.8038589358329773,0.726961076259613,0.5049386620521545,0.8015497326850891,0.7096974849700928
0.49332284927368164,0.8339341878890991,0.7541733980178833,0.47079208493232727,0.8170741200447083,0.7428825497627258
0.4756472110748291,0.8460545539855957,0.7670029997825623,0.5402687191963196,0.8237432837486267,0.6965302228927612
