loss,auc,accuracy,val_loss,val_auc,val_accuracy
0.5512700080871582,0.7810700535774231,0.7097269296646118,0.5439167618751526,0.8125457763671875,0.6736064553260803
0.5424853563308716,0.7978826761245728,0.721336305141449,0.5833559632301331,0.7770856618881226,0.6809688806533813
0.5315434336662292,0.8090301752090454,0.7303605675697327,0.49029314517974854,0.7853760123252869,0.7394012212753296
0.49913346767425537,0.8326317071914673,0.7513825297355652,0.4689610004425049,0.808373212814331,0.7520352602005005
0.4655419886112213,0.854106068611145,0.7706620693206787,0.49124643206596375,0.8202592730522156,0.7311268448829651
