loss,auc,accuracy,val_loss,val_auc,val_accuracy
0.5845271348953247,0.7566690444946289,0.6876633763313293,0.610930323600769,0.7711825966835022,0.6249388456344604
0.5383269190788269,0.8013117909431458,0.7247030735015869,0.49823006987571716,0.7931028008460999,0.7132879495620728
0.49146679043769836,0.8351260423660278,0.7538929581642151,0.4837912917137146,0.8216947317123413,0.7337070107460022
0.4635935425758362,0.8540074825286865,0.7726827263832092,0.465188592672348,0.8314691781997681,0.7458071708679199
0.4443669617176056,0.866682231426239,0.7846172451972961,0.5411252975463867,0.8287485241889954,0.6910004615783691
