loss,auc,accuracy,val_loss,val_auc,val_accuracy
0.6036738157272339,0.7334177494049072,0.669008731842041,0.688639223575592,0.7486652731895447,0.555318295955658
0.5584881901741028,0.7828218936920166,0.7108064293861389,0.5956127047538757,0.7738933563232422,0.6433782577514648
0.5316253304481506,0.8070068359375,0.7297545671463013,0.5071240663528442,0.7871242761611938,0.741536557674408
0.5044898986816406,0.8278014659881592,0.748115599155426,0.5434353947639465,0.7993514537811279,0.6894879937171936
0.47685903310775757,0.8458181023597717,0.7649615406990051,0.5009117722511292,0.8135741949081421,0.7183371186256409
