loss,auc,accuracy,val_loss,val_auc,val_accuracy
0.5917922258377075,0.7475652098655701,0.6824802756309509,0.5628088116645813,0.7648847103118896,0.6780611276626587
0.5525949597358704,0.7884622812271118,0.7145360708236694,0.6171523928642273,0.7715376019477844,0.6317418813705444
0.520091712474823,0.8145761489868164,0.7379093766212463,0.582308292388916,0.7903647422790527,0.6490204334259033
0.4891587197780609,0.836372971534729,0.7584719657897949,0.5911204218864441,0.8060239553451538,0.637631893157959
0.4692254364490509,0.8490475416183472,0.7694189548492432,0.5181326270103455,0.8090193271636963,0.6889513731002808
