loss,auc,accuracy,val_loss,val_auc,val_accuracy
0.5537022948265076,0.7798356413841248,0.7110525965690613,0.6423721313476562,0.7637505531311035,0.6639085412025452
0.5417630076408386,0.7983914613723755,0.7236184477806091,0.5233092904090881,0.7840014100074768,0.7112860679626465
0.520517110824585,0.8164716958999634,0.7376614809036255,0.503860354423523,0.7984859943389893,0.7291916608810425
0.561296284198761,0.7795939445495605,0.7079088091850281,0.6024879217147827,0.7655272483825684,0.6841051578521729
0.5344455242156982,0.8063474893569946,0.7316768169403076,0.5797061920166016,0.7797467708587646,0.6724720597267151
