loss,auc,accuracy,val_loss,val_auc,val_accuracy
0.5606319904327393,0.7760182619094849,0.7059109210968018,0.6127254962921143,0.7696213126182556,0.6613879203796387
0.5461050868034363,0.794643759727478,0.7177808284759521,0.5371561050415039,0.7927008271217346,0.6950178146362305
0.49695712327957153,0.831358790397644,0.7500126361846924,0.48912739753723145,0.8224489092826843,0.730160117149353
0.4653054475784302,0.8531206250190735,0.7710311412811279,0.4974099397659302,0.8323785066604614,0.7203736901283264
0.4444442689418793,0.8670855760574341,0.7855465412139893,0.4929622411727905,0.8362259864807129,0.7231316566467285
