loss,auc,accuracy,val_loss,val_auc,val_accuracy
0.5834312438964844,0.7570451498031616,0.6889349818229675,0.5783881545066833,0.7701027393341064,0.6559900641441345
0.5407267808914185,0.798826277256012,0.7235664129257202,0.6523977518081665,0.7948199510574341,0.6220027804374695
0.4991224408149719,0.8289937973022461,0.7500781416893005,0.49838754534721375,0.8177511096000671,0.7149339318275452
0.4737548530101776,0.846190333366394,0.7656001448631287,0.4843640625476837,0.8288964033126831,0.7244983911514282
0.4535301923751831,0.8595662117004395,0.778316080570221,0.4937543570995331,0.828608512878418,0.7137328386306763
