loss,auc,accuracy,val_loss,val_auc,val_accuracy
0.5833351016044617,0.7561600208282471,0.6870264410972595,0.5556641221046448,0.7752634286880493,0.6855871677398682
0.5223979353904724,0.8126699924468994,0.7354467511177063,0.5118095874786377,0.8170228600502014,0.6968861222267151
0.4794054329395294,0.843366265296936,0.7634230852127075,0.49854642152786255,0.8297216892242432,0.717437744140625
0.4576825201511383,0.8583816289901733,0.7777300477027893,0.5402203798294067,0.8228744864463806,0.6935942769050598
0.43897750973701477,0.8702660799026489,0.7887665629386902,0.4815390110015869,0.8373250365257263,0.724644124507904
